{
    "rmse": 0.6868161974717357,
    "mae": 0.5544245631708684,
    "r2": 0.25842400705937074
}